health..oa_id,health..proportion_of_oa_within_co_m_boundary,health..total_persons,health..very_good_health,health..good_health,health..fair_health,health..bad_health,health..very_bad_health
W00003134,0.61044819136925099,326,153,105,39,25,4
W00003135,0.69930474656528496,322,183,110,22,6,1
W00003136,0.99018771897156599,311,143,108,43,13,4
W00003137,1.6370326355857601E-2,262,124,92,38,7,1
W00003138,0.13680508206863701,359,149,97,79,25,9
W00003139,2.1711491057666E-2,382,191,106,55,24,6
W00003140,0.98839724181825395,240,88,89,37,19,7
