rel..oa_id,rel..proportion_of_oa_within_co_m_boundary,rel..total_persons,rel..christian,rel..buddhist,rel..hindu,rel..jewish,rel..muslim,rel..sikh,rel..other_religion,rel..no_religion,rel..religion_not_stated
W00003134,0.61044819136925099,326,190,1,0,1,0,0,0,100,34
W00003135,0.69930474656528496,322,183,1,0,0,0,0,0,118,20
W00003136,0.99018771897156599,311,175,3,0,0,2,0,1,111,19
W00003137,1.6370326355857601E-2,262,192,0,0,0,0,0,0,56,14
W00003138,0.13680508206863701,359,229,2,0,0,3,0,3,100,22
W00003139,2.1711491057666E-2,382,188,1,0,0,1,0,2,155,35
W00003140,0.98839724181825395,240,150,0,4,0,0,0,1,62,23
