pop..lsoa_id,pop..proportion_of_lsoa_within_co_m_boundary,pop..total_persons,pop..male_persons,pop..female_persons,pop..x0_4_years,pop..x5_11_years,pop..x12_17_years,pop..x18_29_years,pop..x30_39_years,pop..x40_59_years,pop..x60_74_years,pop..x75_years
E01005556,6.6267876355974503E-2,1564,796,768,72,96,105,220,216,452,269,134
E01005559,0.33239124567532802,1527,729,798,79,167,134,231,206,372,239,99
E01005566,0.48452363151144101,2369,1154,1215,194,339,230,376,403,552,199,76
E01005567,0.24557506014180999,1927,947,980,167,164,114,334,330,456,290,72
E01005579,0.64964459600636104,1855,910,945,143,326,260,277,286,377,129,57
E01005581,7.7375385355367504E-2,1757,858,899,159,213,174,300,261,388,170,92
E01005585,7.67612924831865E-2,1605,800,805,169,188,165,265,284,345,133,56
E01033258,0.118578847103846,3277,1691,1586,275,425,371,661,585,646,249,65
