pop..lsoa_id,pop..proportion_of_lsoa_within_co_m_boundary,pop..total_persons,pop..male_persons,pop..female_persons,pop..x0_4_years,pop..x5_11_years,pop..x12_17_years,pop..x18_29_years,pop..x30_39_years,pop..x40_59_years,pop..x60_74_years,pop..x75_years
W01000663,7.4399293212599804E-2,2496,1210,1286,132,158,150,282,252,673,560,289
W01000664,0.22369660555418,2360,1135,1225,169,205,141,311,271,643,387,233
W01000697,0.34170789473257202,2046,1003,1043,101,153,117,321,253,538,294,269
W01000712,0.588429494465041,1644,817,827,98,125,95,239,199,445,297,146
W01000713,0.29432603410758501,1299,659,640,55,88,98,168,150,358,253,129
W01000724,0.50699890093361999,1970,953,1017,101,172,132,228,205,493,399,240
W01000725,0.26935248397449901,2293,1086,1207,89,143,147,278,225,605,522,284
W01000731,0.16793387097163001,2545,1281,1264,145,184,170,341,321,639,494,251
